{
    "event_type": "authentication",
    "action": "password_reset",
    "file_id": null,
    "file_name": "Unknown File",
    "user_id": "f39075b2a5d241732260148561e85bd2",
    "user_email": "ahmedahmed@gmail.com",
    "success": true,
    "description": "Password reset for user: ahmedahmed@gmail.com",
    "risk_level": "medium",
    "ip_address": "127.0.0.1",
    "user_agent": "Mozilla\/5.0 (Windows NT 10.0; Win64; x64) AppleWebKit\/537.36 (KHTML, like Gecko) Chrome\/143.0.0.0 Safari\/537.36",
    "session_id": "5ks9kkphvkpfe1mjg0hvkeh5a4",
    "id": "1096d5a31e85ef0003a1f8f3fd0334bb",
    "created_at": "2025-12-15 17:04:21"
}