{
    "event_type": "authentication",
    "action": "login",
    "file_id": null,
    "file_name": "Unknown File",
    "user_id": "4236395a321d10c63d2361a7b0e65430",
    "user_email": "mohamedloai99@gmail.com",
    "success": true,
    "description": "User logged in successfully: mohamedloai99@gmail.com (Role: admin)",
    "risk_level": "low",
    "ip_address": "127.0.0.1",
    "user_agent": "Mozilla\/5.0 (Windows NT 10.0; Win64; x64) AppleWebKit\/537.36 (KHTML, like Gecko) Chrome\/143.0.0.0 Safari\/537.36",
    "session_id": "12vn56tqfndsd6713qt683lh5l",
    "id": "27c609384890a2b55021d15d12376b1d",
    "created_at": "2025-12-15 13:05:29"
}