{
    "event_type": "activity_management",
    "action": "clear_all_logs",
    "file_id": null,
    "file_name": "Unknown File",
    "user_id": "4236395a321d10c63d2361a7b0e65430",
    "user_email": "mohamedloai99@gmail.com",
    "success": true,
    "description": "Admin cleared all activity logs",
    "risk_level": "medium",
    "ip_address": "127.0.0.1",
    "user_agent": "Mozilla\/5.0 (Windows NT 10.0; Win64; x64) AppleWebKit\/537.36 (KHTML, like Gecko) Chrome\/143.0.0.0 Safari\/537.36",
    "session_id": "12vn56tqfndsd6713qt683lh5l",
    "id": "32b27e88c3ebb47612c2f31633fa9a03",
    "created_at": "2025-12-15 13:01:28"
}