{
    "event_type": "file_upload",
    "action": "upload",
    "file_id": "d882953400a9b4bdcc377fa2af94961a",
    "file_name": "imp.txt",
    "user_id": "f39075b2a5d241732260148561e85bd2",
    "user_email": "ahmedahmed@gmail.com",
    "success": true,
    "description": "File uploaded and waiting for admin encryption: imp.txt (Download limit: 10)",
    "risk_level": "low",
    "ip_address": "127.0.0.1",
    "user_agent": "Mozilla\/5.0 (Windows NT 10.0; Win64; x64) AppleWebKit\/537.36 (KHTML, like Gecko) Chrome\/143.0.0.0 Safari\/537.36",
    "session_id": "5ks9kkphvkpfe1mjg0hvkeh5a4",
    "id": "346d8e37f3a148a1d9b1cd9d94b42b4c",
    "created_at": "2025-12-15 17:07:16"
}