{
    "event_type": "file_access",
    "action": "download",
    "file_id": "914ba65e02cfab6a3b541dbe9874f393",
    "file_name": "test file 1.txt",
    "user_id": "1c9bee8b23bc6e9351e29003f25ce868",
    "user_email": "mohameduser99@gmail.com",
    "success": true,
    "description": "Password-protected file accessed with correct password: test file 1.txt",
    "risk_level": "low",
    "ip_address": "127.0.0.1",
    "user_agent": "Mozilla\/5.0 (Windows NT 10.0; Win64; x64) AppleWebKit\/537.36 (KHTML, like Gecko) Chrome\/143.0.0.0 Safari\/537.36",
    "session_id": "12vn56tqfndsd6713qt683lh5l",
    "id": "677668365cfa4389f5375306f5616b78",
    "created_at": "2025-12-15 13:37:54"
}