{
    "event_type": "file_acceptance",
    "action": "accept",
    "file_id": "914ba65e02cfab6a3b541dbe9874f393",
    "file_name": "test file 1.txt",
    "user_id": "4236395a321d10c63d2361a7b0e65430",
    "user_email": "mohamedloai99@gmail.com",
    "success": true,
    "description": "Admin accepted and encrypted file: test file 1.txt",
    "risk_level": "low",
    "ip_address": "127.0.0.1",
    "user_agent": "Mozilla\/5.0 (Windows NT 10.0; Win64; x64) AppleWebKit\/537.36 (KHTML, like Gecko) Chrome\/143.0.0.0 Safari\/537.36",
    "session_id": "12vn56tqfndsd6713qt683lh5l",
    "id": "6bcbe088545fa3f62474938831826c51",
    "created_at": "2025-12-15 13:28:01"
}