{
    "event_type": "file_acceptance",
    "action": "accept",
    "file_id": "8c881aefaafbd205609d105a1dce36ff",
    "file_name": "imp.txt",
    "user_id": "4236395a321d10c63d2361a7b0e65430",
    "user_email": "mohamedloai99@gmail.com",
    "success": true,
    "description": "Admin accepted and encrypted file: imp.txt",
    "risk_level": "low",
    "ip_address": "127.0.0.1",
    "user_agent": "Mozilla\/5.0 (Windows NT 10.0; Win64; x64) AppleWebKit\/537.36 (KHTML, like Gecko) Chrome\/143.0.0.0 Safari\/537.36",
    "session_id": "12vn56tqfndsd6713qt683lh5l",
    "id": "73d359e42ca6c479cc5c15ba5c23fce9",
    "created_at": "2025-12-15 13:05:41"
}