{
    "event_type": "file_acceptance",
    "action": "accept",
    "file_id": "d882953400a9b4bdcc377fa2af94961a",
    "file_name": "imp.txt",
    "user_id": "4236395a321d10c63d2361a7b0e65430",
    "user_email": "mohamedloai99@gmail.com",
    "success": true,
    "description": "Admin accepted and encrypted file: imp.txt",
    "risk_level": "low",
    "ip_address": "127.0.0.1",
    "user_agent": "Mozilla\/5.0 (Windows NT 10.0; Win64; x64) AppleWebKit\/537.36 (KHTML, like Gecko) Chrome\/143.0.0.0 Safari\/537.36",
    "session_id": "5ks9kkphvkpfe1mjg0hvkeh5a4",
    "id": "bb2dcc6a413c455887a22ffa0b948f2c",
    "created_at": "2025-12-15 17:07:40"
}