{
    "event_type": "authentication",
    "action": "login",
    "file_id": null,
    "file_name": "Unknown File",
    "user_id": "1c9bee8b23bc6e9351e29003f25ce868",
    "user_email": "mohameduser99@gmail.com",
    "success": true,
    "description": "User logged in successfully: mohameduser99@gmail.com (Role: user)",
    "risk_level": "low",
    "ip_address": "127.0.0.1",
    "user_agent": "Mozilla\/5.0 (Windows NT 10.0; Win64; x64) AppleWebKit\/537.36 (KHTML, like Gecko) Chrome\/143.0.0.0 Safari\/537.36",
    "session_id": "12vn56tqfndsd6713qt683lh5l",
    "id": "c02695e2f1f3ff4732f41419abfa2273",
    "created_at": "2025-12-15 13:04:55"
}