{
    "event_type": "file_upload",
    "action": "upload",
    "file_id": "8c881aefaafbd205609d105a1dce36ff",
    "file_name": "imp.txt",
    "user_id": "1c9bee8b23bc6e9351e29003f25ce868",
    "user_email": "mohameduser99@gmail.com",
    "success": true,
    "description": "File uploaded and waiting for admin encryption: imp.txt",
    "risk_level": "low",
    "ip_address": "127.0.0.1",
    "user_agent": "Mozilla\/5.0 (Windows NT 10.0; Win64; x64) AppleWebKit\/537.36 (KHTML, like Gecko) Chrome\/143.0.0.0 Safari\/537.36",
    "session_id": "12vn56tqfndsd6713qt683lh5l",
    "id": "c0acf221609a73eb5966c27a06d6c2d2",
    "created_at": "2025-12-15 13:05:15"
}