{
    "event_type": "authentication",
    "action": "login",
    "file_id": null,
    "file_name": "Unknown File",
    "user_id": "f39075b2a5d241732260148561e85bd2",
    "user_email": "ahmedahmed@gmail.com",
    "success": true,
    "description": "User logged in successfully: ahmedahmed@gmail.com (Role: user)",
    "risk_level": "low",
    "ip_address": "127.0.0.1",
    "user_agent": "Mozilla\/5.0 (Windows NT 10.0; Win64; x64) AppleWebKit\/537.36 (KHTML, like Gecko) Chrome\/143.0.0.0 Safari\/537.36",
    "session_id": "5ks9kkphvkpfe1mjg0hvkeh5a4",
    "id": "e4080a958e4eaa044458095f42d2223b",
    "created_at": "2025-12-15 17:04:59"
}