{
    "event_type": "authentication",
    "action": "login",
    "file_id": null,
    "file_name": "Unknown File",
    "user_id": "4236395a321d10c63d2361a7b0e65430",
    "user_email": "mohamedloai99@gmail.com",
    "success": true,
    "description": "User logged in successfully: mohamedloai99@gmail.com (Role: admin)",
    "risk_level": "low",
    "ip_address": "127.0.0.1",
    "user_agent": "Mozilla\/5.0 (Windows NT 10.0; Win64; x64) AppleWebKit\/537.36 (KHTML, like Gecko) Chrome\/143.0.0.0 Safari\/537.36",
    "session_id": "5ks9kkphvkpfe1mjg0hvkeh5a4",
    "id": "f2dc684e5f53ee14b7f7502c1df37fa8",
    "created_at": "2025-12-15 16:47:46"
}