{
    "file_id": "4c34d1d01aeb99cae712cf3eeb456286",
    "name": "imp.txt",
    "size": 24,
    "file_path": "C:\\Users\\eyads\\OneDrive\\Desktop\\Website secure\/storage\/uploads\/4c34d1d01aeb99cae712cf3eeb456286_imp.txt",
    "encrypted_path": null,
    "uploaded_by": "1c9bee8b23bc6e9351e29003f25ce868",
    "uploaded_at": 1765801426,
    "status": "revoked",
    "encrypted": false,
    "encrypted_at": null,
    "encrypted_by": null,
    "shared_with": [],
    "created_at": "2025-12-15 12:23:46",
    "revoked": true,
    "revoked_at": 1765801448,
    "revoked_by": "4236395a321d10c63d2361a7b0e65430"
}