{
    "file_id": "8c881aefaafbd205609d105a1dce36ff",
    "name": "imp.txt",
    "size": 24,
    "file_path": "C:\\Users\\eyads\\OneDrive\\Desktop\\Website secure\/storage\/uploads\/8c881aefaafbd205609d105a1dce36ff_imp.txt",
    "encrypted_path": "C:\\Users\\eyads\\OneDrive\\Desktop\\Website secure\/storage\/encrypted\/8c881aefaafbd205609d105a1dce36ff.enc",
    "uploaded_by": "1c9bee8b23bc6e9351e29003f25ce868",
    "uploaded_at": 1765803915,
    "status": "ready",
    "encrypted": true,
    "encrypted_at": 1765803941,
    "encrypted_by": "4236395a321d10c63d2361a7b0e65430",
    "shared_with": [],
    "created_at": "2025-12-15 13:05:15",
    "expires_at": 1765811141
}