{
    "file_id": "914ba65e02cfab6a3b541dbe9874f393",
    "name": "test file 1.txt",
    "original_name": "imp.txt",
    "size": 24,
    "file_path": "C:\\Users\\eyads\\OneDrive\\Desktop\\Website secure\/storage\/uploads\/914ba65e02cfab6a3b541dbe9874f393_imp.txt",
    "encrypted_path": "C:\\Users\\eyads\\OneDrive\\Desktop\\Website secure\/storage\/encrypted\/914ba65e02cfab6a3b541dbe9874f393.enc",
    "uploaded_by": "1c9bee8b23bc6e9351e29003f25ce868",
    "uploaded_at": 1765805250,
    "status": "ready",
    "encrypted": true,
    "encrypted_at": 1765805281,
    "encrypted_by": "4236395a321d10c63d2361a7b0e65430",
    "shared_with": [],
    "password_hash": "$2y$10$0j6CmP.dViVOGXCwXfY2veEoujusifCWTOk4EWlj3C1Rf3Yy0gw0m",
    "password_protected": true,
    "download_limit": 1,
    "download_count": 1,
    "created_at": "2025-12-15 13:27:30",
    "expires_at": 1765808881
}