{
    "file_id": "d56f6283ff7d88c6a6e84463063bf9fa",
    "name": "first",
    "size": 24,
    "file_path": "C:\\Users\\eyads\\OneDrive\\Desktop\\Website secure\/storage\/uploads\/d56f6283ff7d88c6a6e84463063bf9fa_imp.txt",
    "encrypted_path": "C:\\Users\\eyads\\OneDrive\\Desktop\\Website secure\/storage\/encrypted\/d56f6283ff7d88c6a6e84463063bf9fa.enc",
    "uploaded_by": "1c9bee8b23bc6e9351e29003f25ce868",
    "uploaded_at": 1765707811,
    "status": "ready",
    "encrypted": true,
    "encrypted_at": 1765707854,
    "encrypted_by": "4236395a321d10c63d2361a7b0e65430",
    "shared_with": [],
    "created_at": "2025-12-14 10:23:31",
    "expires_at": 1765711454
}