{
    "file_id": "d882953400a9b4bdcc377fa2af94961a",
    "name": "imp.txt",
    "original_name": "imp.txt",
    "size": 24,
    "file_path": "C:\\Users\\eyads\\OneDrive\\Desktop\\Website secure\/storage\/uploads\/d882953400a9b4bdcc377fa2af94961a_imp.txt",
    "encrypted_path": "C:\\Users\\eyads\\OneDrive\\Desktop\\Website secure\/storage\/encrypted\/d882953400a9b4bdcc377fa2af94961a.enc",
    "uploaded_by": "f39075b2a5d241732260148561e85bd2",
    "uploaded_at": 1765818436,
    "status": "ready",
    "encrypted": true,
    "encrypted_at": 1765818460,
    "encrypted_by": "4236395a321d10c63d2361a7b0e65430",
    "shared_with": [],
    "download_limit": 10,
    "download_count": 0,
    "created_at": "2025-12-15 17:07:16",
    "expires_at": 1765904860
}